{"mean":{"confidence_interval":{"confidence_level":0.95,"lower_bound":1256.05,"upper_bound":1415.65},"point_estimate":1326.75,"standard_error":41.02576971327966},"median":{"confidence_interval":{"confidence_level":0.95,"lower_bound":1216.0,"upper_bound":1303.5},"point_estimate":1278.5,"standard_error":22.517051369459402},"median_abs_dev":{"confidence_interval":{"confidence_level":0.95,"lower_bound":29.651999473571777,"upper_bound":134.9165976047516},"point_estimate":87.47339844703674,"standard_error":26.566877190612374},"slope":null,"std_dev":{"confidence_interval":{"confidence_level":0.95,"lower_bound":52.90916059791166,"upper_bound":264.46183686478236},"point_estimate":188.40769763020774,"standard_error":51.6631754907979}}