{"mean":{"confidence_interval":{"confidence_level":0.95,"lower_bound":1230.3,"upper_bound":1418.0},"point_estimate":1315.5,"standard_error":48.341442980477666},"median":{"confidence_interval":{"confidence_level":0.95,"lower_bound":1196.0,"upper_bound":1345.5},"point_estimate":1217.0,"standard_error":40.03264524241135},"median_abs_dev":{"confidence_interval":{"confidence_level":0.95,"lower_bound":25.945499539375305,"upper_bound":237.9572957754135},"point_estimate":97.85159826278687,"standard_error":54.338253588250765},"slope":null,"std_dev":{"confidence_interval":{"confidence_level":0.95,"lower_bound":106.43942926133165,"upper_bound":304.6672041148471},"point_estimate":221.33316159367678,"standard_error":52.98118007013533}}